dosya,kaynak,tur,seviye
veriseti/sentetik/1_gurultu_hafif_0.png,1,gurultu,hafif
veriseti/sentetik/1_karanlik_hafif_1.png,1,karanlik,hafif
veriseti/sentetik/1_bulanik_hafif_2.png,1,bulanik,hafif
veriseti/sentetik/1_karisik_hafif_3.png,1,karisik,hafif
veriseti/sentetik/1_gurultu_hafif_4.png,1,gurultu,hafif
veriseti/sentetik/1_karanlik_hafif_5.png,1,karanlik,hafif
veriseti/sentetik/1_bulanik_hafif_6.png,1,bulanik,hafif
veriseti/sentetik/1_karisik_hafif_7.png,1,karisik,hafif
veriseti/sentetik/1_gurultu_hafif_8.png,1,gurultu,hafif
veriseti/sentetik/1_karanlik_hafif_9.png,1,karanlik,hafif
veriseti/sentetik/1_bulanik_hafif_10.png,1,bulanik,hafif
veriseti/sentetik/1_karisik_hafif_11.png,1,karisik,hafif
veriseti/sentetik/1_gurultu_hafif_12.png,1,gurultu,hafif
veriseti/sentetik/1_karanlik_hafif_13.png,1,karanlik,hafif
veriseti/sentetik/1_bulanik_hafif_14.png,1,bulanik,hafif
veriseti/sentetik/1_karisik_hafif_15.png,1,karisik,hafif
veriseti/sentetik/1_gurultu_hafif_16.png,1,gurultu,hafif
veriseti/sentetik/1_karanlik_hafif_17.png,1,karanlik,hafif
veriseti/sentetik/1_bulanik_hafif_18.png,1,bulanik,hafif
veriseti/sentetik/1_karisik_hafif_19.png,1,karisik,hafif
veriseti/sentetik/1_gurultu_hafif_20.png,1,gurultu,hafif
veriseti/sentetik/1_karanlik_hafif_21.png,1,karanlik,hafif
veriseti/sentetik/1_bulanik_hafif_22.png,1,bulanik,hafif
veriseti/sentetik/1_karisik_hafif_23.png,1,karisik,hafif
veriseti/sentetik/1_gurultu_orta_24.png,1,gurultu,orta
veriseti/sentetik/1_karanlik_orta_25.png,1,karanlik,orta
veriseti/sentetik/1_bulanik_orta_26.png,1,bulanik,orta
veriseti/sentetik/1_karisik_orta_27.png,1,karisik,orta
veriseti/sentetik/1_gurultu_orta_28.png,1,gurultu,orta
veriseti/sentetik/1_karanlik_orta_29.png,1,karanlik,orta
veriseti/sentetik/1_bulanik_orta_30.png,1,bulanik,orta
veriseti/sentetik/1_karisik_orta_31.png,1,karisik,orta
veriseti/sentetik/1_gurultu_orta_32.png,1,gurultu,orta
veriseti/sentetik/1_karanlik_orta_33.png,1,karanlik,orta
veriseti/sentetik/1_bulanik_orta_34.png,1,bulanik,orta
veriseti/sentetik/1_karisik_orta_35.png,1,karisik,orta
veriseti/sentetik/1_gurultu_orta_36.png,1,gurultu,orta
veriseti/sentetik/1_karanlik_orta_37.png,1,karanlik,orta
veriseti/sentetik/1_bulanik_orta_38.png,1,bulanik,orta
veriseti/sentetik/1_karisik_orta_39.png,1,karisik,orta
veriseti/sentetik/1_gurultu_orta_40.png,1,gurultu,orta
veriseti/sentetik/1_karanlik_orta_41.png,1,karanlik,orta
veriseti/sentetik/1_bulanik_orta_42.png,1,bulanik,orta
veriseti/sentetik/1_karisik_orta_43.png,1,karisik,orta
veriseti/sentetik/1_gurultu_orta_44.png,1,gurultu,orta
veriseti/sentetik/1_karanlik_orta_45.png,1,karanlik,orta
veriseti/sentetik/1_bulanik_orta_46.png,1,bulanik,orta
veriseti/sentetik/1_karisik_orta_47.png,1,karisik,orta
veriseti/sentetik/1_gurultu_siddetli_48.png,1,gurultu,siddetli
veriseti/sentetik/1_karanlik_siddetli_49.png,1,karanlik,siddetli
veriseti/sentetik/1_bulanik_siddetli_50.png,1,bulanik,siddetli
veriseti/sentetik/1_karisik_siddetli_51.png,1,karisik,siddetli
veriseti/sentetik/1_gurultu_siddetli_52.png,1,gurultu,siddetli
veriseti/sentetik/1_karanlik_siddetli_53.png,1,karanlik,siddetli
veriseti/sentetik/1_bulanik_siddetli_54.png,1,bulanik,siddetli
veriseti/sentetik/1_karisik_siddetli_55.png,1,karisik,siddetli
veriseti/sentetik/1_gurultu_siddetli_56.png,1,gurultu,siddetli
veriseti/sentetik/1_karanlik_siddetli_57.png,1,karanlik,siddetli
veriseti/sentetik/1_bulanik_siddetli_58.png,1,bulanik,siddetli
veriseti/sentetik/1_karisik_siddetli_59.png,1,karisik,siddetli
veriseti/sentetik/1_gurultu_siddetli_60.png,1,gurultu,siddetli
veriseti/sentetik/1_karanlik_siddetli_61.png,1,karanlik,siddetli
veriseti/sentetik/1_bulanik_siddetli_62.png,1,bulanik,siddetli
veriseti/sentetik/1_karisik_siddetli_63.png,1,karisik,siddetli
veriseti/sentetik/1_gurultu_siddetli_64.png,1,gurultu,siddetli
veriseti/sentetik/1_karanlik_siddetli_65.png,1,karanlik,siddetli
veriseti/sentetik/1_bulanik_siddetli_66.png,1,bulanik,siddetli
veriseti/sentetik/1_karisik_siddetli_67.png,1,karisik,siddetli
veriseti/sentetik/1_gurultu_siddetli_68.png,1,gurultu,siddetli
veriseti/sentetik/1_karanlik_siddetli_69.png,1,karanlik,siddetli
veriseti/sentetik/1_bulanik_siddetli_70.png,1,bulanik,siddetli
veriseti/sentetik/1_karisik_siddetli_71.png,1,karisik,siddetli
veriseti/sentetik/1_temiz_72.png,1,temiz,yok
veriseti/sentetik/1_temiz_73.png,1,temiz,yok
veriseti/sentetik/1_temiz_74.png,1,temiz,yok
veriseti/sentetik/1_temiz_75.png,1,temiz,yok
veriseti/sentetik/1_temiz_76.png,1,temiz,yok
veriseti/sentetik/1_temiz_77.png,1,temiz,yok
veriseti/sentetik/10_gurultu_hafif_78.png,10,gurultu,hafif
veriseti/sentetik/10_karanlik_hafif_79.png,10,karanlik,hafif
veriseti/sentetik/10_bulanik_hafif_80.png,10,bulanik,hafif
veriseti/sentetik/10_karisik_hafif_81.png,10,karisik,hafif
veriseti/sentetik/10_gurultu_hafif_82.png,10,gurultu,hafif
veriseti/sentetik/10_karanlik_hafif_83.png,10,karanlik,hafif
veriseti/sentetik/10_bulanik_hafif_84.png,10,bulanik,hafif
veriseti/sentetik/10_karisik_hafif_85.png,10,karisik,hafif
veriseti/sentetik/10_gurultu_hafif_86.png,10,gurultu,hafif
veriseti/sentetik/10_karanlik_hafif_87.png,10,karanlik,hafif
veriseti/sentetik/10_bulanik_hafif_88.png,10,bulanik,hafif
veriseti/sentetik/10_karisik_hafif_89.png,10,karisik,hafif
veriseti/sentetik/10_gurultu_hafif_90.png,10,gurultu,hafif
veriseti/sentetik/10_karanlik_hafif_91.png,10,karanlik,hafif
veriseti/sentetik/10_bulanik_hafif_92.png,10,bulanik,hafif
veriseti/sentetik/10_karisik_hafif_93.png,10,karisik,hafif
veriseti/sentetik/10_gurultu_hafif_94.png,10,gurultu,hafif
veriseti/sentetik/10_karanlik_hafif_95.png,10,karanlik,hafif
veriseti/sentetik/10_bulanik_hafif_96.png,10,bulanik,hafif
veriseti/sentetik/10_karisik_hafif_97.png,10,karisik,hafif
veriseti/sentetik/10_gurultu_hafif_98.png,10,gurultu,hafif
veriseti/sentetik/10_karanlik_hafif_99.png,10,karanlik,hafif
veriseti/sentetik/10_bulanik_hafif_100.png,10,bulanik,hafif
veriseti/sentetik/10_karisik_hafif_101.png,10,karisik,hafif
veriseti/sentetik/10_gurultu_orta_102.png,10,gurultu,orta
veriseti/sentetik/10_karanlik_orta_103.png,10,karanlik,orta
veriseti/sentetik/10_bulanik_orta_104.png,10,bulanik,orta
veriseti/sentetik/10_karisik_orta_105.png,10,karisik,orta
veriseti/sentetik/10_gurultu_orta_106.png,10,gurultu,orta
veriseti/sentetik/10_karanlik_orta_107.png,10,karanlik,orta
veriseti/sentetik/10_bulanik_orta_108.png,10,bulanik,orta
veriseti/sentetik/10_karisik_orta_109.png,10,karisik,orta
veriseti/sentetik/10_gurultu_orta_110.png,10,gurultu,orta
veriseti/sentetik/10_karanlik_orta_111.png,10,karanlik,orta
veriseti/sentetik/10_bulanik_orta_112.png,10,bulanik,orta
veriseti/sentetik/10_karisik_orta_113.png,10,karisik,orta
veriseti/sentetik/10_gurultu_orta_114.png,10,gurultu,orta
veriseti/sentetik/10_karanlik_orta_115.png,10,karanlik,orta
veriseti/sentetik/10_bulanik_orta_116.png,10,bulanik,orta
veriseti/sentetik/10_karisik_orta_117.png,10,karisik,orta
veriseti/sentetik/10_gurultu_orta_118.png,10,gurultu,orta
veriseti/sentetik/10_karanlik_orta_119.png,10,karanlik,orta
veriseti/sentetik/10_bulanik_orta_120.png,10,bulanik,orta
veriseti/sentetik/10_karisik_orta_121.png,10,karisik,orta
veriseti/sentetik/10_gurultu_orta_122.png,10,gurultu,orta
veriseti/sentetik/10_karanlik_orta_123.png,10,karanlik,orta
veriseti/sentetik/10_bulanik_orta_124.png,10,bulanik,orta
veriseti/sentetik/10_karisik_orta_125.png,10,karisik,orta
veriseti/sentetik/10_gurultu_siddetli_126.png,10,gurultu,siddetli
veriseti/sentetik/10_karanlik_siddetli_127.png,10,karanlik,siddetli
veriseti/sentetik/10_bulanik_siddetli_128.png,10,bulanik,siddetli
veriseti/sentetik/10_karisik_siddetli_129.png,10,karisik,siddetli
veriseti/sentetik/10_gurultu_siddetli_130.png,10,gurultu,siddetli
veriseti/sentetik/10_karanlik_siddetli_131.png,10,karanlik,siddetli
veriseti/sentetik/10_bulanik_siddetli_132.png,10,bulanik,siddetli
veriseti/sentetik/10_karisik_siddetli_133.png,10,karisik,siddetli
veriseti/sentetik/10_gurultu_siddetli_134.png,10,gurultu,siddetli
veriseti/sentetik/10_karanlik_siddetli_135.png,10,karanlik,siddetli
veriseti/sentetik/10_bulanik_siddetli_136.png,10,bulanik,siddetli
veriseti/sentetik/10_karisik_siddetli_137.png,10,karisik,siddetli
veriseti/sentetik/10_gurultu_siddetli_138.png,10,gurultu,siddetli
veriseti/sentetik/10_karanlik_siddetli_139.png,10,karanlik,siddetli
veriseti/sentetik/10_bulanik_siddetli_140.png,10,bulanik,siddetli
veriseti/sentetik/10_karisik_siddetli_141.png,10,karisik,siddetli
veriseti/sentetik/10_gurultu_siddetli_142.png,10,gurultu,siddetli
veriseti/sentetik/10_karanlik_siddetli_143.png,10,karanlik,siddetli
veriseti/sentetik/10_bulanik_siddetli_144.png,10,bulanik,siddetli
veriseti/sentetik/10_karisik_siddetli_145.png,10,karisik,siddetli
veriseti/sentetik/10_gurultu_siddetli_146.png,10,gurultu,siddetli
veriseti/sentetik/10_karanlik_siddetli_147.png,10,karanlik,siddetli
veriseti/sentetik/10_bulanik_siddetli_148.png,10,bulanik,siddetli
veriseti/sentetik/10_karisik_siddetli_149.png,10,karisik,siddetli
veriseti/sentetik/10_temiz_150.png,10,temiz,yok
veriseti/sentetik/10_temiz_151.png,10,temiz,yok
veriseti/sentetik/10_temiz_152.png,10,temiz,yok
veriseti/sentetik/10_temiz_153.png,10,temiz,yok
veriseti/sentetik/10_temiz_154.png,10,temiz,yok
veriseti/sentetik/10_temiz_155.png,10,temiz,yok
veriseti/sentetik/2_gurultu_hafif_156.png,2,gurultu,hafif
veriseti/sentetik/2_karanlik_hafif_157.png,2,karanlik,hafif
veriseti/sentetik/2_bulanik_hafif_158.png,2,bulanik,hafif
veriseti/sentetik/2_karisik_hafif_159.png,2,karisik,hafif
veriseti/sentetik/2_gurultu_hafif_160.png,2,gurultu,hafif
veriseti/sentetik/2_karanlik_hafif_161.png,2,karanlik,hafif
veriseti/sentetik/2_bulanik_hafif_162.png,2,bulanik,hafif
veriseti/sentetik/2_karisik_hafif_163.png,2,karisik,hafif
veriseti/sentetik/2_gurultu_hafif_164.png,2,gurultu,hafif
veriseti/sentetik/2_karanlik_hafif_165.png,2,karanlik,hafif
veriseti/sentetik/2_bulanik_hafif_166.png,2,bulanik,hafif
veriseti/sentetik/2_karisik_hafif_167.png,2,karisik,hafif
veriseti/sentetik/2_gurultu_hafif_168.png,2,gurultu,hafif
veriseti/sentetik/2_karanlik_hafif_169.png,2,karanlik,hafif
veriseti/sentetik/2_bulanik_hafif_170.png,2,bulanik,hafif
veriseti/sentetik/2_karisik_hafif_171.png,2,karisik,hafif
veriseti/sentetik/2_gurultu_hafif_172.png,2,gurultu,hafif
veriseti/sentetik/2_karanlik_hafif_173.png,2,karanlik,hafif
veriseti/sentetik/2_bulanik_hafif_174.png,2,bulanik,hafif
veriseti/sentetik/2_karisik_hafif_175.png,2,karisik,hafif
veriseti/sentetik/2_gurultu_hafif_176.png,2,gurultu,hafif
veriseti/sentetik/2_karanlik_hafif_177.png,2,karanlik,hafif
veriseti/sentetik/2_bulanik_hafif_178.png,2,bulanik,hafif
veriseti/sentetik/2_karisik_hafif_179.png,2,karisik,hafif
veriseti/sentetik/2_gurultu_orta_180.png,2,gurultu,orta
veriseti/sentetik/2_karanlik_orta_181.png,2,karanlik,orta
veriseti/sentetik/2_bulanik_orta_182.png,2,bulanik,orta
veriseti/sentetik/2_karisik_orta_183.png,2,karisik,orta
veriseti/sentetik/2_gurultu_orta_184.png,2,gurultu,orta
veriseti/sentetik/2_karanlik_orta_185.png,2,karanlik,orta
veriseti/sentetik/2_bulanik_orta_186.png,2,bulanik,orta
veriseti/sentetik/2_karisik_orta_187.png,2,karisik,orta
veriseti/sentetik/2_gurultu_orta_188.png,2,gurultu,orta
veriseti/sentetik/2_karanlik_orta_189.png,2,karanlik,orta
veriseti/sentetik/2_bulanik_orta_190.png,2,bulanik,orta
veriseti/sentetik/2_karisik_orta_191.png,2,karisik,orta
veriseti/sentetik/2_gurultu_orta_192.png,2,gurultu,orta
veriseti/sentetik/2_karanlik_orta_193.png,2,karanlik,orta
veriseti/sentetik/2_bulanik_orta_194.png,2,bulanik,orta
veriseti/sentetik/2_karisik_orta_195.png,2,karisik,orta
veriseti/sentetik/2_gurultu_orta_196.png,2,gurultu,orta
veriseti/sentetik/2_karanlik_orta_197.png,2,karanlik,orta
veriseti/sentetik/2_bulanik_orta_198.png,2,bulanik,orta
veriseti/sentetik/2_karisik_orta_199.png,2,karisik,orta
veriseti/sentetik/2_gurultu_orta_200.png,2,gurultu,orta
veriseti/sentetik/2_karanlik_orta_201.png,2,karanlik,orta
veriseti/sentetik/2_bulanik_orta_202.png,2,bulanik,orta
veriseti/sentetik/2_karisik_orta_203.png,2,karisik,orta
veriseti/sentetik/2_gurultu_siddetli_204.png,2,gurultu,siddetli
veriseti/sentetik/2_karanlik_siddetli_205.png,2,karanlik,siddetli
veriseti/sentetik/2_bulanik_siddetli_206.png,2,bulanik,siddetli
veriseti/sentetik/2_karisik_siddetli_207.png,2,karisik,siddetli
veriseti/sentetik/2_gurultu_siddetli_208.png,2,gurultu,siddetli
veriseti/sentetik/2_karanlik_siddetli_209.png,2,karanlik,siddetli
veriseti/sentetik/2_bulanik_siddetli_210.png,2,bulanik,siddetli
veriseti/sentetik/2_karisik_siddetli_211.png,2,karisik,siddetli
veriseti/sentetik/2_gurultu_siddetli_212.png,2,gurultu,siddetli
veriseti/sentetik/2_karanlik_siddetli_213.png,2,karanlik,siddetli
veriseti/sentetik/2_bulanik_siddetli_214.png,2,bulanik,siddetli
veriseti/sentetik/2_karisik_siddetli_215.png,2,karisik,siddetli
veriseti/sentetik/2_gurultu_siddetli_216.png,2,gurultu,siddetli
veriseti/sentetik/2_karanlik_siddetli_217.png,2,karanlik,siddetli
veriseti/sentetik/2_bulanik_siddetli_218.png,2,bulanik,siddetli
veriseti/sentetik/2_karisik_siddetli_219.png,2,karisik,siddetli
veriseti/sentetik/2_gurultu_siddetli_220.png,2,gurultu,siddetli
veriseti/sentetik/2_karanlik_siddetli_221.png,2,karanlik,siddetli
veriseti/sentetik/2_bulanik_siddetli_222.png,2,bulanik,siddetli
veriseti/sentetik/2_karisik_siddetli_223.png,2,karisik,siddetli
veriseti/sentetik/2_gurultu_siddetli_224.png,2,gurultu,siddetli
veriseti/sentetik/2_karanlik_siddetli_225.png,2,karanlik,siddetli
veriseti/sentetik/2_bulanik_siddetli_226.png,2,bulanik,siddetli
veriseti/sentetik/2_karisik_siddetli_227.png,2,karisik,siddetli
veriseti/sentetik/2_temiz_228.png,2,temiz,yok
veriseti/sentetik/2_temiz_229.png,2,temiz,yok
veriseti/sentetik/2_temiz_230.png,2,temiz,yok
veriseti/sentetik/2_temiz_231.png,2,temiz,yok
veriseti/sentetik/2_temiz_232.png,2,temiz,yok
veriseti/sentetik/2_temiz_233.png,2,temiz,yok
veriseti/sentetik/3_gurultu_hafif_234.png,3,gurultu,hafif
veriseti/sentetik/3_karanlik_hafif_235.png,3,karanlik,hafif
veriseti/sentetik/3_bulanik_hafif_236.png,3,bulanik,hafif
veriseti/sentetik/3_karisik_hafif_237.png,3,karisik,hafif
veriseti/sentetik/3_gurultu_hafif_238.png,3,gurultu,hafif
veriseti/sentetik/3_karanlik_hafif_239.png,3,karanlik,hafif
veriseti/sentetik/3_bulanik_hafif_240.png,3,bulanik,hafif
veriseti/sentetik/3_karisik_hafif_241.png,3,karisik,hafif
veriseti/sentetik/3_gurultu_hafif_242.png,3,gurultu,hafif
veriseti/sentetik/3_karanlik_hafif_243.png,3,karanlik,hafif
veriseti/sentetik/3_bulanik_hafif_244.png,3,bulanik,hafif
veriseti/sentetik/3_karisik_hafif_245.png,3,karisik,hafif
veriseti/sentetik/3_gurultu_hafif_246.png,3,gurultu,hafif
veriseti/sentetik/3_karanlik_hafif_247.png,3,karanlik,hafif
veriseti/sentetik/3_bulanik_hafif_248.png,3,bulanik,hafif
veriseti/sentetik/3_karisik_hafif_249.png,3,karisik,hafif
veriseti/sentetik/3_gurultu_hafif_250.png,3,gurultu,hafif
veriseti/sentetik/3_karanlik_hafif_251.png,3,karanlik,hafif
veriseti/sentetik/3_bulanik_hafif_252.png,3,bulanik,hafif
veriseti/sentetik/3_karisik_hafif_253.png,3,karisik,hafif
veriseti/sentetik/3_gurultu_hafif_254.png,3,gurultu,hafif
veriseti/sentetik/3_karanlik_hafif_255.png,3,karanlik,hafif
veriseti/sentetik/3_bulanik_hafif_256.png,3,bulanik,hafif
veriseti/sentetik/3_karisik_hafif_257.png,3,karisik,hafif
veriseti/sentetik/3_gurultu_orta_258.png,3,gurultu,orta
veriseti/sentetik/3_karanlik_orta_259.png,3,karanlik,orta
veriseti/sentetik/3_bulanik_orta_260.png,3,bulanik,orta
veriseti/sentetik/3_karisik_orta_261.png,3,karisik,orta
veriseti/sentetik/3_gurultu_orta_262.png,3,gurultu,orta
veriseti/sentetik/3_karanlik_orta_263.png,3,karanlik,orta
veriseti/sentetik/3_bulanik_orta_264.png,3,bulanik,orta
veriseti/sentetik/3_karisik_orta_265.png,3,karisik,orta
veriseti/sentetik/3_gurultu_orta_266.png,3,gurultu,orta
veriseti/sentetik/3_karanlik_orta_267.png,3,karanlik,orta
veriseti/sentetik/3_bulanik_orta_268.png,3,bulanik,orta
veriseti/sentetik/3_karisik_orta_269.png,3,karisik,orta
veriseti/sentetik/3_gurultu_orta_270.png,3,gurultu,orta
veriseti/sentetik/3_karanlik_orta_271.png,3,karanlik,orta
veriseti/sentetik/3_bulanik_orta_272.png,3,bulanik,orta
veriseti/sentetik/3_karisik_orta_273.png,3,karisik,orta
veriseti/sentetik/3_gurultu_orta_274.png,3,gurultu,orta
veriseti/sentetik/3_karanlik_orta_275.png,3,karanlik,orta
veriseti/sentetik/3_bulanik_orta_276.png,3,bulanik,orta
veriseti/sentetik/3_karisik_orta_277.png,3,karisik,orta
veriseti/sentetik/3_gurultu_orta_278.png,3,gurultu,orta
veriseti/sentetik/3_karanlik_orta_279.png,3,karanlik,orta
veriseti/sentetik/3_bulanik_orta_280.png,3,bulanik,orta
veriseti/sentetik/3_karisik_orta_281.png,3,karisik,orta
veriseti/sentetik/3_gurultu_siddetli_282.png,3,gurultu,siddetli
veriseti/sentetik/3_karanlik_siddetli_283.png,3,karanlik,siddetli
veriseti/sentetik/3_bulanik_siddetli_284.png,3,bulanik,siddetli
veriseti/sentetik/3_karisik_siddetli_285.png,3,karisik,siddetli
veriseti/sentetik/3_gurultu_siddetli_286.png,3,gurultu,siddetli
veriseti/sentetik/3_karanlik_siddetli_287.png,3,karanlik,siddetli
veriseti/sentetik/3_bulanik_siddetli_288.png,3,bulanik,siddetli
veriseti/sentetik/3_karisik_siddetli_289.png,3,karisik,siddetli
veriseti/sentetik/3_gurultu_siddetli_290.png,3,gurultu,siddetli
veriseti/sentetik/3_karanlik_siddetli_291.png,3,karanlik,siddetli
veriseti/sentetik/3_bulanik_siddetli_292.png,3,bulanik,siddetli
veriseti/sentetik/3_karisik_siddetli_293.png,3,karisik,siddetli
veriseti/sentetik/3_gurultu_siddetli_294.png,3,gurultu,siddetli
veriseti/sentetik/3_karanlik_siddetli_295.png,3,karanlik,siddetli
veriseti/sentetik/3_bulanik_siddetli_296.png,3,bulanik,siddetli
veriseti/sentetik/3_karisik_siddetli_297.png,3,karisik,siddetli
veriseti/sentetik/3_gurultu_siddetli_298.png,3,gurultu,siddetli
veriseti/sentetik/3_karanlik_siddetli_299.png,3,karanlik,siddetli
veriseti/sentetik/3_bulanik_siddetli_300.png,3,bulanik,siddetli
veriseti/sentetik/3_karisik_siddetli_301.png,3,karisik,siddetli
veriseti/sentetik/3_gurultu_siddetli_302.png,3,gurultu,siddetli
veriseti/sentetik/3_karanlik_siddetli_303.png,3,karanlik,siddetli
veriseti/sentetik/3_bulanik_siddetli_304.png,3,bulanik,siddetli
veriseti/sentetik/3_karisik_siddetli_305.png,3,karisik,siddetli
veriseti/sentetik/3_temiz_306.png,3,temiz,yok
veriseti/sentetik/3_temiz_307.png,3,temiz,yok
veriseti/sentetik/3_temiz_308.png,3,temiz,yok
veriseti/sentetik/3_temiz_309.png,3,temiz,yok
veriseti/sentetik/3_temiz_310.png,3,temiz,yok
veriseti/sentetik/3_temiz_311.png,3,temiz,yok
veriseti/sentetik/4_gurultu_hafif_312.png,4,gurultu,hafif
veriseti/sentetik/4_karanlik_hafif_313.png,4,karanlik,hafif
veriseti/sentetik/4_bulanik_hafif_314.png,4,bulanik,hafif
veriseti/sentetik/4_karisik_hafif_315.png,4,karisik,hafif
veriseti/sentetik/4_gurultu_hafif_316.png,4,gurultu,hafif
veriseti/sentetik/4_karanlik_hafif_317.png,4,karanlik,hafif
veriseti/sentetik/4_bulanik_hafif_318.png,4,bulanik,hafif
veriseti/sentetik/4_karisik_hafif_319.png,4,karisik,hafif
veriseti/sentetik/4_gurultu_hafif_320.png,4,gurultu,hafif
veriseti/sentetik/4_karanlik_hafif_321.png,4,karanlik,hafif
veriseti/sentetik/4_bulanik_hafif_322.png,4,bulanik,hafif
veriseti/sentetik/4_karisik_hafif_323.png,4,karisik,hafif
veriseti/sentetik/4_gurultu_hafif_324.png,4,gurultu,hafif
veriseti/sentetik/4_karanlik_hafif_325.png,4,karanlik,hafif
veriseti/sentetik/4_bulanik_hafif_326.png,4,bulanik,hafif
veriseti/sentetik/4_karisik_hafif_327.png,4,karisik,hafif
veriseti/sentetik/4_gurultu_hafif_328.png,4,gurultu,hafif
veriseti/sentetik/4_karanlik_hafif_329.png,4,karanlik,hafif
veriseti/sentetik/4_bulanik_hafif_330.png,4,bulanik,hafif
veriseti/sentetik/4_karisik_hafif_331.png,4,karisik,hafif
veriseti/sentetik/4_gurultu_hafif_332.png,4,gurultu,hafif
veriseti/sentetik/4_karanlik_hafif_333.png,4,karanlik,hafif
veriseti/sentetik/4_bulanik_hafif_334.png,4,bulanik,hafif
veriseti/sentetik/4_karisik_hafif_335.png,4,karisik,hafif
veriseti/sentetik/4_gurultu_orta_336.png,4,gurultu,orta
veriseti/sentetik/4_karanlik_orta_337.png,4,karanlik,orta
veriseti/sentetik/4_bulanik_orta_338.png,4,bulanik,orta
veriseti/sentetik/4_karisik_orta_339.png,4,karisik,orta
veriseti/sentetik/4_gurultu_orta_340.png,4,gurultu,orta
veriseti/sentetik/4_karanlik_orta_341.png,4,karanlik,orta
veriseti/sentetik/4_bulanik_orta_342.png,4,bulanik,orta
veriseti/sentetik/4_karisik_orta_343.png,4,karisik,orta
veriseti/sentetik/4_gurultu_orta_344.png,4,gurultu,orta
veriseti/sentetik/4_karanlik_orta_345.png,4,karanlik,orta
veriseti/sentetik/4_bulanik_orta_346.png,4,bulanik,orta
veriseti/sentetik/4_karisik_orta_347.png,4,karisik,orta
veriseti/sentetik/4_gurultu_orta_348.png,4,gurultu,orta
veriseti/sentetik/4_karanlik_orta_349.png,4,karanlik,orta
veriseti/sentetik/4_bulanik_orta_350.png,4,bulanik,orta
veriseti/sentetik/4_karisik_orta_351.png,4,karisik,orta
veriseti/sentetik/4_gurultu_orta_352.png,4,gurultu,orta
veriseti/sentetik/4_karanlik_orta_353.png,4,karanlik,orta
veriseti/sentetik/4_bulanik_orta_354.png,4,bulanik,orta
veriseti/sentetik/4_karisik_orta_355.png,4,karisik,orta
veriseti/sentetik/4_gurultu_orta_356.png,4,gurultu,orta
veriseti/sentetik/4_karanlik_orta_357.png,4,karanlik,orta
veriseti/sentetik/4_bulanik_orta_358.png,4,bulanik,orta
veriseti/sentetik/4_karisik_orta_359.png,4,karisik,orta
veriseti/sentetik/4_gurultu_siddetli_360.png,4,gurultu,siddetli
veriseti/sentetik/4_karanlik_siddetli_361.png,4,karanlik,siddetli
veriseti/sentetik/4_bulanik_siddetli_362.png,4,bulanik,siddetli
veriseti/sentetik/4_karisik_siddetli_363.png,4,karisik,siddetli
veriseti/sentetik/4_gurultu_siddetli_364.png,4,gurultu,siddetli
veriseti/sentetik/4_karanlik_siddetli_365.png,4,karanlik,siddetli
veriseti/sentetik/4_bulanik_siddetli_366.png,4,bulanik,siddetli
veriseti/sentetik/4_karisik_siddetli_367.png,4,karisik,siddetli
veriseti/sentetik/4_gurultu_siddetli_368.png,4,gurultu,siddetli
veriseti/sentetik/4_karanlik_siddetli_369.png,4,karanlik,siddetli
veriseti/sentetik/4_bulanik_siddetli_370.png,4,bulanik,siddetli
veriseti/sentetik/4_karisik_siddetli_371.png,4,karisik,siddetli
veriseti/sentetik/4_gurultu_siddetli_372.png,4,gurultu,siddetli
veriseti/sentetik/4_karanlik_siddetli_373.png,4,karanlik,siddetli
veriseti/sentetik/4_bulanik_siddetli_374.png,4,bulanik,siddetli
veriseti/sentetik/4_karisik_siddetli_375.png,4,karisik,siddetli
veriseti/sentetik/4_gurultu_siddetli_376.png,4,gurultu,siddetli
veriseti/sentetik/4_karanlik_siddetli_377.png,4,karanlik,siddetli
veriseti/sentetik/4_bulanik_siddetli_378.png,4,bulanik,siddetli
veriseti/sentetik/4_karisik_siddetli_379.png,4,karisik,siddetli
veriseti/sentetik/4_gurultu_siddetli_380.png,4,gurultu,siddetli
veriseti/sentetik/4_karanlik_siddetli_381.png,4,karanlik,siddetli
veriseti/sentetik/4_bulanik_siddetli_382.png,4,bulanik,siddetli
veriseti/sentetik/4_karisik_siddetli_383.png,4,karisik,siddetli
veriseti/sentetik/4_temiz_384.png,4,temiz,yok
veriseti/sentetik/4_temiz_385.png,4,temiz,yok
veriseti/sentetik/4_temiz_386.png,4,temiz,yok
veriseti/sentetik/4_temiz_387.png,4,temiz,yok
veriseti/sentetik/4_temiz_388.png,4,temiz,yok
veriseti/sentetik/4_temiz_389.png,4,temiz,yok
veriseti/sentetik/5_gurultu_hafif_390.png,5,gurultu,hafif
veriseti/sentetik/5_karanlik_hafif_391.png,5,karanlik,hafif
veriseti/sentetik/5_bulanik_hafif_392.png,5,bulanik,hafif
veriseti/sentetik/5_karisik_hafif_393.png,5,karisik,hafif
veriseti/sentetik/5_gurultu_hafif_394.png,5,gurultu,hafif
veriseti/sentetik/5_karanlik_hafif_395.png,5,karanlik,hafif
veriseti/sentetik/5_bulanik_hafif_396.png,5,bulanik,hafif
veriseti/sentetik/5_karisik_hafif_397.png,5,karisik,hafif
veriseti/sentetik/5_gurultu_hafif_398.png,5,gurultu,hafif
veriseti/sentetik/5_karanlik_hafif_399.png,5,karanlik,hafif
veriseti/sentetik/5_bulanik_hafif_400.png,5,bulanik,hafif
veriseti/sentetik/5_karisik_hafif_401.png,5,karisik,hafif
veriseti/sentetik/5_gurultu_hafif_402.png,5,gurultu,hafif
veriseti/sentetik/5_karanlik_hafif_403.png,5,karanlik,hafif
veriseti/sentetik/5_bulanik_hafif_404.png,5,bulanik,hafif
veriseti/sentetik/5_karisik_hafif_405.png,5,karisik,hafif
veriseti/sentetik/5_gurultu_hafif_406.png,5,gurultu,hafif
veriseti/sentetik/5_karanlik_hafif_407.png,5,karanlik,hafif
veriseti/sentetik/5_bulanik_hafif_408.png,5,bulanik,hafif
veriseti/sentetik/5_karisik_hafif_409.png,5,karisik,hafif
veriseti/sentetik/5_gurultu_hafif_410.png,5,gurultu,hafif
veriseti/sentetik/5_karanlik_hafif_411.png,5,karanlik,hafif
veriseti/sentetik/5_bulanik_hafif_412.png,5,bulanik,hafif
veriseti/sentetik/5_karisik_hafif_413.png,5,karisik,hafif
veriseti/sentetik/5_gurultu_orta_414.png,5,gurultu,orta
veriseti/sentetik/5_karanlik_orta_415.png,5,karanlik,orta
veriseti/sentetik/5_bulanik_orta_416.png,5,bulanik,orta
veriseti/sentetik/5_karisik_orta_417.png,5,karisik,orta
veriseti/sentetik/5_gurultu_orta_418.png,5,gurultu,orta
veriseti/sentetik/5_karanlik_orta_419.png,5,karanlik,orta
veriseti/sentetik/5_bulanik_orta_420.png,5,bulanik,orta
veriseti/sentetik/5_karisik_orta_421.png,5,karisik,orta
veriseti/sentetik/5_gurultu_orta_422.png,5,gurultu,orta
veriseti/sentetik/5_karanlik_orta_423.png,5,karanlik,orta
veriseti/sentetik/5_bulanik_orta_424.png,5,bulanik,orta
veriseti/sentetik/5_karisik_orta_425.png,5,karisik,orta
veriseti/sentetik/5_gurultu_orta_426.png,5,gurultu,orta
veriseti/sentetik/5_karanlik_orta_427.png,5,karanlik,orta
veriseti/sentetik/5_bulanik_orta_428.png,5,bulanik,orta
veriseti/sentetik/5_karisik_orta_429.png,5,karisik,orta
veriseti/sentetik/5_gurultu_orta_430.png,5,gurultu,orta
veriseti/sentetik/5_karanlik_orta_431.png,5,karanlik,orta
veriseti/sentetik/5_bulanik_orta_432.png,5,bulanik,orta
veriseti/sentetik/5_karisik_orta_433.png,5,karisik,orta
veriseti/sentetik/5_gurultu_orta_434.png,5,gurultu,orta
veriseti/sentetik/5_karanlik_orta_435.png,5,karanlik,orta
veriseti/sentetik/5_bulanik_orta_436.png,5,bulanik,orta
veriseti/sentetik/5_karisik_orta_437.png,5,karisik,orta
veriseti/sentetik/5_gurultu_siddetli_438.png,5,gurultu,siddetli
veriseti/sentetik/5_karanlik_siddetli_439.png,5,karanlik,siddetli
veriseti/sentetik/5_bulanik_siddetli_440.png,5,bulanik,siddetli
veriseti/sentetik/5_karisik_siddetli_441.png,5,karisik,siddetli
veriseti/sentetik/5_gurultu_siddetli_442.png,5,gurultu,siddetli
veriseti/sentetik/5_karanlik_siddetli_443.png,5,karanlik,siddetli
veriseti/sentetik/5_bulanik_siddetli_444.png,5,bulanik,siddetli
veriseti/sentetik/5_karisik_siddetli_445.png,5,karisik,siddetli
veriseti/sentetik/5_gurultu_siddetli_446.png,5,gurultu,siddetli
veriseti/sentetik/5_karanlik_siddetli_447.png,5,karanlik,siddetli
veriseti/sentetik/5_bulanik_siddetli_448.png,5,bulanik,siddetli
veriseti/sentetik/5_karisik_siddetli_449.png,5,karisik,siddetli
veriseti/sentetik/5_gurultu_siddetli_450.png,5,gurultu,siddetli
veriseti/sentetik/5_karanlik_siddetli_451.png,5,karanlik,siddetli
veriseti/sentetik/5_bulanik_siddetli_452.png,5,bulanik,siddetli
veriseti/sentetik/5_karisik_siddetli_453.png,5,karisik,siddetli
veriseti/sentetik/5_gurultu_siddetli_454.png,5,gurultu,siddetli
veriseti/sentetik/5_karanlik_siddetli_455.png,5,karanlik,siddetli
veriseti/sentetik/5_bulanik_siddetli_456.png,5,bulanik,siddetli
veriseti/sentetik/5_karisik_siddetli_457.png,5,karisik,siddetli
veriseti/sentetik/5_gurultu_siddetli_458.png,5,gurultu,siddetli
veriseti/sentetik/5_karanlik_siddetli_459.png,5,karanlik,siddetli
veriseti/sentetik/5_bulanik_siddetli_460.png,5,bulanik,siddetli
veriseti/sentetik/5_karisik_siddetli_461.png,5,karisik,siddetli
veriseti/sentetik/5_temiz_462.png,5,temiz,yok
veriseti/sentetik/5_temiz_463.png,5,temiz,yok
veriseti/sentetik/5_temiz_464.png,5,temiz,yok
veriseti/sentetik/5_temiz_465.png,5,temiz,yok
veriseti/sentetik/5_temiz_466.png,5,temiz,yok
veriseti/sentetik/5_temiz_467.png,5,temiz,yok
veriseti/sentetik/6_gurultu_hafif_468.png,6,gurultu,hafif
veriseti/sentetik/6_karanlik_hafif_469.png,6,karanlik,hafif
veriseti/sentetik/6_bulanik_hafif_470.png,6,bulanik,hafif
veriseti/sentetik/6_karisik_hafif_471.png,6,karisik,hafif
veriseti/sentetik/6_gurultu_hafif_472.png,6,gurultu,hafif
veriseti/sentetik/6_karanlik_hafif_473.png,6,karanlik,hafif
veriseti/sentetik/6_bulanik_hafif_474.png,6,bulanik,hafif
veriseti/sentetik/6_karisik_hafif_475.png,6,karisik,hafif
veriseti/sentetik/6_gurultu_hafif_476.png,6,gurultu,hafif
veriseti/sentetik/6_karanlik_hafif_477.png,6,karanlik,hafif
veriseti/sentetik/6_bulanik_hafif_478.png,6,bulanik,hafif
veriseti/sentetik/6_karisik_hafif_479.png,6,karisik,hafif
veriseti/sentetik/6_gurultu_hafif_480.png,6,gurultu,hafif
veriseti/sentetik/6_karanlik_hafif_481.png,6,karanlik,hafif
veriseti/sentetik/6_bulanik_hafif_482.png,6,bulanik,hafif
veriseti/sentetik/6_karisik_hafif_483.png,6,karisik,hafif
veriseti/sentetik/6_gurultu_hafif_484.png,6,gurultu,hafif
veriseti/sentetik/6_karanlik_hafif_485.png,6,karanlik,hafif
veriseti/sentetik/6_bulanik_hafif_486.png,6,bulanik,hafif
veriseti/sentetik/6_karisik_hafif_487.png,6,karisik,hafif
veriseti/sentetik/6_gurultu_hafif_488.png,6,gurultu,hafif
veriseti/sentetik/6_karanlik_hafif_489.png,6,karanlik,hafif
veriseti/sentetik/6_bulanik_hafif_490.png,6,bulanik,hafif
veriseti/sentetik/6_karisik_hafif_491.png,6,karisik,hafif
veriseti/sentetik/6_gurultu_orta_492.png,6,gurultu,orta
veriseti/sentetik/6_karanlik_orta_493.png,6,karanlik,orta
veriseti/sentetik/6_bulanik_orta_494.png,6,bulanik,orta
veriseti/sentetik/6_karisik_orta_495.png,6,karisik,orta
veriseti/sentetik/6_gurultu_orta_496.png,6,gurultu,orta
veriseti/sentetik/6_karanlik_orta_497.png,6,karanlik,orta
veriseti/sentetik/6_bulanik_orta_498.png,6,bulanik,orta
veriseti/sentetik/6_karisik_orta_499.png,6,karisik,orta
veriseti/sentetik/6_gurultu_orta_500.png,6,gurultu,orta
veriseti/sentetik/6_karanlik_orta_501.png,6,karanlik,orta
veriseti/sentetik/6_bulanik_orta_502.png,6,bulanik,orta
veriseti/sentetik/6_karisik_orta_503.png,6,karisik,orta
veriseti/sentetik/6_gurultu_orta_504.png,6,gurultu,orta
veriseti/sentetik/6_karanlik_orta_505.png,6,karanlik,orta
veriseti/sentetik/6_bulanik_orta_506.png,6,bulanik,orta
veriseti/sentetik/6_karisik_orta_507.png,6,karisik,orta
veriseti/sentetik/6_gurultu_orta_508.png,6,gurultu,orta
veriseti/sentetik/6_karanlik_orta_509.png,6,karanlik,orta
veriseti/sentetik/6_bulanik_orta_510.png,6,bulanik,orta
veriseti/sentetik/6_karisik_orta_511.png,6,karisik,orta
veriseti/sentetik/6_gurultu_orta_512.png,6,gurultu,orta
veriseti/sentetik/6_karanlik_orta_513.png,6,karanlik,orta
veriseti/sentetik/6_bulanik_orta_514.png,6,bulanik,orta
veriseti/sentetik/6_karisik_orta_515.png,6,karisik,orta
veriseti/sentetik/6_gurultu_siddetli_516.png,6,gurultu,siddetli
veriseti/sentetik/6_karanlik_siddetli_517.png,6,karanlik,siddetli
veriseti/sentetik/6_bulanik_siddetli_518.png,6,bulanik,siddetli
veriseti/sentetik/6_karisik_siddetli_519.png,6,karisik,siddetli
veriseti/sentetik/6_gurultu_siddetli_520.png,6,gurultu,siddetli
veriseti/sentetik/6_karanlik_siddetli_521.png,6,karanlik,siddetli
veriseti/sentetik/6_bulanik_siddetli_522.png,6,bulanik,siddetli
veriseti/sentetik/6_karisik_siddetli_523.png,6,karisik,siddetli
veriseti/sentetik/6_gurultu_siddetli_524.png,6,gurultu,siddetli
veriseti/sentetik/6_karanlik_siddetli_525.png,6,karanlik,siddetli
veriseti/sentetik/6_bulanik_siddetli_526.png,6,bulanik,siddetli
veriseti/sentetik/6_karisik_siddetli_527.png,6,karisik,siddetli
veriseti/sentetik/6_gurultu_siddetli_528.png,6,gurultu,siddetli
veriseti/sentetik/6_karanlik_siddetli_529.png,6,karanlik,siddetli
veriseti/sentetik/6_bulanik_siddetli_530.png,6,bulanik,siddetli
veriseti/sentetik/6_karisik_siddetli_531.png,6,karisik,siddetli
veriseti/sentetik/6_gurultu_siddetli_532.png,6,gurultu,siddetli
veriseti/sentetik/6_karanlik_siddetli_533.png,6,karanlik,siddetli
veriseti/sentetik/6_bulanik_siddetli_534.png,6,bulanik,siddetli
veriseti/sentetik/6_karisik_siddetli_535.png,6,karisik,siddetli
veriseti/sentetik/6_gurultu_siddetli_536.png,6,gurultu,siddetli
veriseti/sentetik/6_karanlik_siddetli_537.png,6,karanlik,siddetli
veriseti/sentetik/6_bulanik_siddetli_538.png,6,bulanik,siddetli
veriseti/sentetik/6_karisik_siddetli_539.png,6,karisik,siddetli
veriseti/sentetik/6_temiz_540.png,6,temiz,yok
veriseti/sentetik/6_temiz_541.png,6,temiz,yok
veriseti/sentetik/6_temiz_542.png,6,temiz,yok
veriseti/sentetik/6_temiz_543.png,6,temiz,yok
veriseti/sentetik/6_temiz_544.png,6,temiz,yok
veriseti/sentetik/6_temiz_545.png,6,temiz,yok
veriseti/sentetik/7_gurultu_hafif_546.png,7,gurultu,hafif
veriseti/sentetik/7_karanlik_hafif_547.png,7,karanlik,hafif
veriseti/sentetik/7_bulanik_hafif_548.png,7,bulanik,hafif
veriseti/sentetik/7_karisik_hafif_549.png,7,karisik,hafif
veriseti/sentetik/7_gurultu_hafif_550.png,7,gurultu,hafif
veriseti/sentetik/7_karanlik_hafif_551.png,7,karanlik,hafif
veriseti/sentetik/7_bulanik_hafif_552.png,7,bulanik,hafif
veriseti/sentetik/7_karisik_hafif_553.png,7,karisik,hafif
veriseti/sentetik/7_gurultu_hafif_554.png,7,gurultu,hafif
veriseti/sentetik/7_karanlik_hafif_555.png,7,karanlik,hafif
veriseti/sentetik/7_bulanik_hafif_556.png,7,bulanik,hafif
veriseti/sentetik/7_karisik_hafif_557.png,7,karisik,hafif
veriseti/sentetik/7_gurultu_hafif_558.png,7,gurultu,hafif
veriseti/sentetik/7_karanlik_hafif_559.png,7,karanlik,hafif
veriseti/sentetik/7_bulanik_hafif_560.png,7,bulanik,hafif
veriseti/sentetik/7_karisik_hafif_561.png,7,karisik,hafif
veriseti/sentetik/7_gurultu_hafif_562.png,7,gurultu,hafif
veriseti/sentetik/7_karanlik_hafif_563.png,7,karanlik,hafif
veriseti/sentetik/7_bulanik_hafif_564.png,7,bulanik,hafif
veriseti/sentetik/7_karisik_hafif_565.png,7,karisik,hafif
veriseti/sentetik/7_gurultu_hafif_566.png,7,gurultu,hafif
veriseti/sentetik/7_karanlik_hafif_567.png,7,karanlik,hafif
veriseti/sentetik/7_bulanik_hafif_568.png,7,bulanik,hafif
veriseti/sentetik/7_karisik_hafif_569.png,7,karisik,hafif
veriseti/sentetik/7_gurultu_orta_570.png,7,gurultu,orta
veriseti/sentetik/7_karanlik_orta_571.png,7,karanlik,orta
veriseti/sentetik/7_bulanik_orta_572.png,7,bulanik,orta
veriseti/sentetik/7_karisik_orta_573.png,7,karisik,orta
veriseti/sentetik/7_gurultu_orta_574.png,7,gurultu,orta
veriseti/sentetik/7_karanlik_orta_575.png,7,karanlik,orta
veriseti/sentetik/7_bulanik_orta_576.png,7,bulanik,orta
veriseti/sentetik/7_karisik_orta_577.png,7,karisik,orta
veriseti/sentetik/7_gurultu_orta_578.png,7,gurultu,orta
veriseti/sentetik/7_karanlik_orta_579.png,7,karanlik,orta
veriseti/sentetik/7_bulanik_orta_580.png,7,bulanik,orta
veriseti/sentetik/7_karisik_orta_581.png,7,karisik,orta
veriseti/sentetik/7_gurultu_orta_582.png,7,gurultu,orta
veriseti/sentetik/7_karanlik_orta_583.png,7,karanlik,orta
veriseti/sentetik/7_bulanik_orta_584.png,7,bulanik,orta
veriseti/sentetik/7_karisik_orta_585.png,7,karisik,orta
veriseti/sentetik/7_gurultu_orta_586.png,7,gurultu,orta
veriseti/sentetik/7_karanlik_orta_587.png,7,karanlik,orta
veriseti/sentetik/7_bulanik_orta_588.png,7,bulanik,orta
veriseti/sentetik/7_karisik_orta_589.png,7,karisik,orta
veriseti/sentetik/7_gurultu_orta_590.png,7,gurultu,orta
veriseti/sentetik/7_karanlik_orta_591.png,7,karanlik,orta
veriseti/sentetik/7_bulanik_orta_592.png,7,bulanik,orta
veriseti/sentetik/7_karisik_orta_593.png,7,karisik,orta
veriseti/sentetik/7_gurultu_siddetli_594.png,7,gurultu,siddetli
veriseti/sentetik/7_karanlik_siddetli_595.png,7,karanlik,siddetli
veriseti/sentetik/7_bulanik_siddetli_596.png,7,bulanik,siddetli
veriseti/sentetik/7_karisik_siddetli_597.png,7,karisik,siddetli
veriseti/sentetik/7_gurultu_siddetli_598.png,7,gurultu,siddetli
veriseti/sentetik/7_karanlik_siddetli_599.png,7,karanlik,siddetli
veriseti/sentetik/7_bulanik_siddetli_600.png,7,bulanik,siddetli
veriseti/sentetik/7_karisik_siddetli_601.png,7,karisik,siddetli
veriseti/sentetik/7_gurultu_siddetli_602.png,7,gurultu,siddetli
veriseti/sentetik/7_karanlik_siddetli_603.png,7,karanlik,siddetli
veriseti/sentetik/7_bulanik_siddetli_604.png,7,bulanik,siddetli
veriseti/sentetik/7_karisik_siddetli_605.png,7,karisik,siddetli
veriseti/sentetik/7_gurultu_siddetli_606.png,7,gurultu,siddetli
veriseti/sentetik/7_karanlik_siddetli_607.png,7,karanlik,siddetli
veriseti/sentetik/7_bulanik_siddetli_608.png,7,bulanik,siddetli
veriseti/sentetik/7_karisik_siddetli_609.png,7,karisik,siddetli
veriseti/sentetik/7_gurultu_siddetli_610.png,7,gurultu,siddetli
veriseti/sentetik/7_karanlik_siddetli_611.png,7,karanlik,siddetli
veriseti/sentetik/7_bulanik_siddetli_612.png,7,bulanik,siddetli
veriseti/sentetik/7_karisik_siddetli_613.png,7,karisik,siddetli
veriseti/sentetik/7_gurultu_siddetli_614.png,7,gurultu,siddetli
veriseti/sentetik/7_karanlik_siddetli_615.png,7,karanlik,siddetli
veriseti/sentetik/7_bulanik_siddetli_616.png,7,bulanik,siddetli
veriseti/sentetik/7_karisik_siddetli_617.png,7,karisik,siddetli
veriseti/sentetik/7_temiz_618.png,7,temiz,yok
veriseti/sentetik/7_temiz_619.png,7,temiz,yok
veriseti/sentetik/7_temiz_620.png,7,temiz,yok
veriseti/sentetik/7_temiz_621.png,7,temiz,yok
veriseti/sentetik/7_temiz_622.png,7,temiz,yok
veriseti/sentetik/7_temiz_623.png,7,temiz,yok
veriseti/sentetik/8_gurultu_hafif_624.png,8,gurultu,hafif
veriseti/sentetik/8_karanlik_hafif_625.png,8,karanlik,hafif
veriseti/sentetik/8_bulanik_hafif_626.png,8,bulanik,hafif
veriseti/sentetik/8_karisik_hafif_627.png,8,karisik,hafif
veriseti/sentetik/8_gurultu_hafif_628.png,8,gurultu,hafif
veriseti/sentetik/8_karanlik_hafif_629.png,8,karanlik,hafif
veriseti/sentetik/8_bulanik_hafif_630.png,8,bulanik,hafif
veriseti/sentetik/8_karisik_hafif_631.png,8,karisik,hafif
veriseti/sentetik/8_gurultu_hafif_632.png,8,gurultu,hafif
veriseti/sentetik/8_karanlik_hafif_633.png,8,karanlik,hafif
veriseti/sentetik/8_bulanik_hafif_634.png,8,bulanik,hafif
veriseti/sentetik/8_karisik_hafif_635.png,8,karisik,hafif
veriseti/sentetik/8_gurultu_hafif_636.png,8,gurultu,hafif
veriseti/sentetik/8_karanlik_hafif_637.png,8,karanlik,hafif
veriseti/sentetik/8_bulanik_hafif_638.png,8,bulanik,hafif
veriseti/sentetik/8_karisik_hafif_639.png,8,karisik,hafif
veriseti/sentetik/8_gurultu_hafif_640.png,8,gurultu,hafif
veriseti/sentetik/8_karanlik_hafif_641.png,8,karanlik,hafif
veriseti/sentetik/8_bulanik_hafif_642.png,8,bulanik,hafif
veriseti/sentetik/8_karisik_hafif_643.png,8,karisik,hafif
veriseti/sentetik/8_gurultu_hafif_644.png,8,gurultu,hafif
veriseti/sentetik/8_karanlik_hafif_645.png,8,karanlik,hafif
veriseti/sentetik/8_bulanik_hafif_646.png,8,bulanik,hafif
veriseti/sentetik/8_karisik_hafif_647.png,8,karisik,hafif
veriseti/sentetik/8_gurultu_orta_648.png,8,gurultu,orta
veriseti/sentetik/8_karanlik_orta_649.png,8,karanlik,orta
veriseti/sentetik/8_bulanik_orta_650.png,8,bulanik,orta
veriseti/sentetik/8_karisik_orta_651.png,8,karisik,orta
veriseti/sentetik/8_gurultu_orta_652.png,8,gurultu,orta
veriseti/sentetik/8_karanlik_orta_653.png,8,karanlik,orta
veriseti/sentetik/8_bulanik_orta_654.png,8,bulanik,orta
veriseti/sentetik/8_karisik_orta_655.png,8,karisik,orta
veriseti/sentetik/8_gurultu_orta_656.png,8,gurultu,orta
veriseti/sentetik/8_karanlik_orta_657.png,8,karanlik,orta
veriseti/sentetik/8_bulanik_orta_658.png,8,bulanik,orta
veriseti/sentetik/8_karisik_orta_659.png,8,karisik,orta
veriseti/sentetik/8_gurultu_orta_660.png,8,gurultu,orta
veriseti/sentetik/8_karanlik_orta_661.png,8,karanlik,orta
veriseti/sentetik/8_bulanik_orta_662.png,8,bulanik,orta
veriseti/sentetik/8_karisik_orta_663.png,8,karisik,orta
veriseti/sentetik/8_gurultu_orta_664.png,8,gurultu,orta
veriseti/sentetik/8_karanlik_orta_665.png,8,karanlik,orta
veriseti/sentetik/8_bulanik_orta_666.png,8,bulanik,orta
veriseti/sentetik/8_karisik_orta_667.png,8,karisik,orta
veriseti/sentetik/8_gurultu_orta_668.png,8,gurultu,orta
veriseti/sentetik/8_karanlik_orta_669.png,8,karanlik,orta
veriseti/sentetik/8_bulanik_orta_670.png,8,bulanik,orta
veriseti/sentetik/8_karisik_orta_671.png,8,karisik,orta
veriseti/sentetik/8_gurultu_siddetli_672.png,8,gurultu,siddetli
veriseti/sentetik/8_karanlik_siddetli_673.png,8,karanlik,siddetli
veriseti/sentetik/8_bulanik_siddetli_674.png,8,bulanik,siddetli
veriseti/sentetik/8_karisik_siddetli_675.png,8,karisik,siddetli
veriseti/sentetik/8_gurultu_siddetli_676.png,8,gurultu,siddetli
veriseti/sentetik/8_karanlik_siddetli_677.png,8,karanlik,siddetli
veriseti/sentetik/8_bulanik_siddetli_678.png,8,bulanik,siddetli
veriseti/sentetik/8_karisik_siddetli_679.png,8,karisik,siddetli
veriseti/sentetik/8_gurultu_siddetli_680.png,8,gurultu,siddetli
veriseti/sentetik/8_karanlik_siddetli_681.png,8,karanlik,siddetli
veriseti/sentetik/8_bulanik_siddetli_682.png,8,bulanik,siddetli
veriseti/sentetik/8_karisik_siddetli_683.png,8,karisik,siddetli
veriseti/sentetik/8_gurultu_siddetli_684.png,8,gurultu,siddetli
veriseti/sentetik/8_karanlik_siddetli_685.png,8,karanlik,siddetli
veriseti/sentetik/8_bulanik_siddetli_686.png,8,bulanik,siddetli
veriseti/sentetik/8_karisik_siddetli_687.png,8,karisik,siddetli
veriseti/sentetik/8_gurultu_siddetli_688.png,8,gurultu,siddetli
veriseti/sentetik/8_karanlik_siddetli_689.png,8,karanlik,siddetli
veriseti/sentetik/8_bulanik_siddetli_690.png,8,bulanik,siddetli
veriseti/sentetik/8_karisik_siddetli_691.png,8,karisik,siddetli
veriseti/sentetik/8_gurultu_siddetli_692.png,8,gurultu,siddetli
veriseti/sentetik/8_karanlik_siddetli_693.png,8,karanlik,siddetli
veriseti/sentetik/8_bulanik_siddetli_694.png,8,bulanik,siddetli
veriseti/sentetik/8_karisik_siddetli_695.png,8,karisik,siddetli
veriseti/sentetik/8_temiz_696.png,8,temiz,yok
veriseti/sentetik/8_temiz_697.png,8,temiz,yok
veriseti/sentetik/8_temiz_698.png,8,temiz,yok
veriseti/sentetik/8_temiz_699.png,8,temiz,yok
veriseti/sentetik/8_temiz_700.png,8,temiz,yok
veriseti/sentetik/8_temiz_701.png,8,temiz,yok
veriseti/sentetik/9_gurultu_hafif_702.png,9,gurultu,hafif
veriseti/sentetik/9_karanlik_hafif_703.png,9,karanlik,hafif
veriseti/sentetik/9_bulanik_hafif_704.png,9,bulanik,hafif
veriseti/sentetik/9_karisik_hafif_705.png,9,karisik,hafif
veriseti/sentetik/9_gurultu_hafif_706.png,9,gurultu,hafif
veriseti/sentetik/9_karanlik_hafif_707.png,9,karanlik,hafif
veriseti/sentetik/9_bulanik_hafif_708.png,9,bulanik,hafif
veriseti/sentetik/9_karisik_hafif_709.png,9,karisik,hafif
veriseti/sentetik/9_gurultu_hafif_710.png,9,gurultu,hafif
veriseti/sentetik/9_karanlik_hafif_711.png,9,karanlik,hafif
veriseti/sentetik/9_bulanik_hafif_712.png,9,bulanik,hafif
veriseti/sentetik/9_karisik_hafif_713.png,9,karisik,hafif
veriseti/sentetik/9_gurultu_hafif_714.png,9,gurultu,hafif
veriseti/sentetik/9_karanlik_hafif_715.png,9,karanlik,hafif
veriseti/sentetik/9_bulanik_hafif_716.png,9,bulanik,hafif
veriseti/sentetik/9_karisik_hafif_717.png,9,karisik,hafif
veriseti/sentetik/9_gurultu_hafif_718.png,9,gurultu,hafif
veriseti/sentetik/9_karanlik_hafif_719.png,9,karanlik,hafif
veriseti/sentetik/9_bulanik_hafif_720.png,9,bulanik,hafif
veriseti/sentetik/9_karisik_hafif_721.png,9,karisik,hafif
veriseti/sentetik/9_gurultu_hafif_722.png,9,gurultu,hafif
veriseti/sentetik/9_karanlik_hafif_723.png,9,karanlik,hafif
veriseti/sentetik/9_bulanik_hafif_724.png,9,bulanik,hafif
veriseti/sentetik/9_karisik_hafif_725.png,9,karisik,hafif
veriseti/sentetik/9_gurultu_orta_726.png,9,gurultu,orta
veriseti/sentetik/9_karanlik_orta_727.png,9,karanlik,orta
veriseti/sentetik/9_bulanik_orta_728.png,9,bulanik,orta
veriseti/sentetik/9_karisik_orta_729.png,9,karisik,orta
veriseti/sentetik/9_gurultu_orta_730.png,9,gurultu,orta
veriseti/sentetik/9_karanlik_orta_731.png,9,karanlik,orta
veriseti/sentetik/9_bulanik_orta_732.png,9,bulanik,orta
veriseti/sentetik/9_karisik_orta_733.png,9,karisik,orta
veriseti/sentetik/9_gurultu_orta_734.png,9,gurultu,orta
veriseti/sentetik/9_karanlik_orta_735.png,9,karanlik,orta
veriseti/sentetik/9_bulanik_orta_736.png,9,bulanik,orta
veriseti/sentetik/9_karisik_orta_737.png,9,karisik,orta
veriseti/sentetik/9_gurultu_orta_738.png,9,gurultu,orta
veriseti/sentetik/9_karanlik_orta_739.png,9,karanlik,orta
veriseti/sentetik/9_bulanik_orta_740.png,9,bulanik,orta
veriseti/sentetik/9_karisik_orta_741.png,9,karisik,orta
veriseti/sentetik/9_gurultu_orta_742.png,9,gurultu,orta
veriseti/sentetik/9_karanlik_orta_743.png,9,karanlik,orta
veriseti/sentetik/9_bulanik_orta_744.png,9,bulanik,orta
veriseti/sentetik/9_karisik_orta_745.png,9,karisik,orta
veriseti/sentetik/9_gurultu_orta_746.png,9,gurultu,orta
veriseti/sentetik/9_karanlik_orta_747.png,9,karanlik,orta
veriseti/sentetik/9_bulanik_orta_748.png,9,bulanik,orta
veriseti/sentetik/9_karisik_orta_749.png,9,karisik,orta
veriseti/sentetik/9_gurultu_siddetli_750.png,9,gurultu,siddetli
veriseti/sentetik/9_karanlik_siddetli_751.png,9,karanlik,siddetli
veriseti/sentetik/9_bulanik_siddetli_752.png,9,bulanik,siddetli
veriseti/sentetik/9_karisik_siddetli_753.png,9,karisik,siddetli
veriseti/sentetik/9_gurultu_siddetli_754.png,9,gurultu,siddetli
veriseti/sentetik/9_karanlik_siddetli_755.png,9,karanlik,siddetli
veriseti/sentetik/9_bulanik_siddetli_756.png,9,bulanik,siddetli
veriseti/sentetik/9_karisik_siddetli_757.png,9,karisik,siddetli
veriseti/sentetik/9_gurultu_siddetli_758.png,9,gurultu,siddetli
veriseti/sentetik/9_karanlik_siddetli_759.png,9,karanlik,siddetli
veriseti/sentetik/9_bulanik_siddetli_760.png,9,bulanik,siddetli
veriseti/sentetik/9_karisik_siddetli_761.png,9,karisik,siddetli
veriseti/sentetik/9_gurultu_siddetli_762.png,9,gurultu,siddetli
veriseti/sentetik/9_karanlik_siddetli_763.png,9,karanlik,siddetli
veriseti/sentetik/9_bulanik_siddetli_764.png,9,bulanik,siddetli
veriseti/sentetik/9_karisik_siddetli_765.png,9,karisik,siddetli
veriseti/sentetik/9_gurultu_siddetli_766.png,9,gurultu,siddetli
veriseti/sentetik/9_karanlik_siddetli_767.png,9,karanlik,siddetli
veriseti/sentetik/9_bulanik_siddetli_768.png,9,bulanik,siddetli
veriseti/sentetik/9_karisik_siddetli_769.png,9,karisik,siddetli
veriseti/sentetik/9_gurultu_siddetli_770.png,9,gurultu,siddetli
veriseti/sentetik/9_karanlik_siddetli_771.png,9,karanlik,siddetli
veriseti/sentetik/9_bulanik_siddetli_772.png,9,bulanik,siddetli
veriseti/sentetik/9_karisik_siddetli_773.png,9,karisik,siddetli
veriseti/sentetik/9_temiz_774.png,9,temiz,yok
veriseti/sentetik/9_temiz_775.png,9,temiz,yok
veriseti/sentetik/9_temiz_776.png,9,temiz,yok
veriseti/sentetik/9_temiz_777.png,9,temiz,yok
veriseti/sentetik/9_temiz_778.png,9,temiz,yok
veriseti/sentetik/9_temiz_779.png,9,temiz,yok
